{
  "formatVersion": 1,
  "database": {
    "version": 1,

    "identityHash": "532cd39f0c58b1d65c7104380c264e41",
    "entities": [
      {
        "tableName": "Note",
        "createSql": "CREATE TABLE IF NOT EXISTS `${TABLE_NAME}` (`noteId` INTEGER PRIMARY KEY AUTOINCREMENT, `state` TEXT NOT NULL, `title` TEXT NOT NULL, `text` TEXT NOT NULL, `creationDate` INTEGER NOT NULL, `type` TEXT NOT NULL)",
        "fields": [
          {
            "fieldPath": "noteId",
            "columnName": "noteId",
            "affinity": "INTEGER",
            "notNull": false
          },
          {
            "fieldPath": "state",
            "columnName": "state",
            "affinity": "TEXT",
            "notNull": true
          },
          {
            "fieldPath": "title",
            "columnName": "title",
            "affinity": "TEXT",
            "notNull": true
          },
          {
            "fieldPath": "text",
            "columnName": "text",
            "affinity": "TEXT",
            "notNull": true
          },
          {
            "fieldPath": "creationDate",
            "columnName": "creationDate",
            "affinity": "INTEGER",
            "notNull": true
          },
          {
            "fieldPath": "type",
            "columnName": "type",
            "affinity": "TEXT",
            "notNull": true
          }
        ],
        "primaryKey": {
          "columnNames": [
            "noteId"
          ],
          "autoGenerate": true
        },
        "indices": [],
        "foreignKeys": []
      },
      {
        "tableName": "Schedule",
        "createSql": "CREATE TABLE IF NOT EXISTS `${TABLE_NAME}` (`scheduleId` INTEGER PRIMARY KEY AUTOINCREMENT, `ownerId` INTEGER NOT NULL, `date` INTEGER NOT NULL)",
        "fields": [
          {
            "fieldPath": "scheduleId",
            "columnName": "scheduleId",
            "affinity": "INTEGER",
            "notNull": false
          },
          {
            "fieldPath": "ownerId",
            "columnName": "ownerId",
            "affinity": "INTEGER",
            "notNull": true
          },
          {
            "fieldPath": "date",
            "columnName": "date",
            "affinity": "INTEGER",
            "notNull": true
          }
        ],
        "primaryKey": {
          "columnNames": [
            "scheduleId"
          ],
          "autoGenerate": true
        },
        "indices": [],
        "foreignKeys": []
      }
    ],
    "views": [],
    "setupQueries": [
      "CREATE TABLE IF NOT EXISTS room_master_table (id INTEGER PRIMARY KEY,identity_hash TEXT)",
      "INSERT OR REPLACE INTO room_master_table (id,identity_hash) VALUES(42, '532cd39f0c58b1d65c7104380c264e41')"
    ]
  }
}